<?xml version="1.0" encoding="utf-8" standalone="yes"?><Layout layout="main_activity_layout" modulePackage="com.hackathon.buckapp" filePath="/Users/carlo/Projects/BuckApp/app/src/main/res/layout/main_activity_layout.xml" directory="layout" isMerge="false"><Variables declared="true" type="com.hackathon.buckapp.User" name="user"><location startLine="4" startOffset="6" endLine="4" endOffset="63"/></Variables><Targets><Target tag="layout/main_activity_layout_0" view="LinearLayout"><Expressions/><location startLine="7" startOffset="4" endLine="17" endOffset="18"/></Target><Target tag="binding_1" view="TextView"><Expressions><Expression text="user.getName()" attribute="android:text"><Location startLine="15" startOffset="12" endLine="15" endOffset="43"/><TwoWay>false</TwoWay><ValueLocation startLine="15" startOffset="28" endLine="15" endOffset="41"/></Expression></Expressions><location startLine="12" startOffset="8" endLine="15" endOffset="45"/></Target></Targets></Layout>